window,pickup_borough,count
"Row(start=Timestamp('2024-06-09 18:00:00'), end=Timestamp('2024-06-09 19:00:00'))",Manhattan,371
"Row(start=Timestamp('2024-06-09 18:00:00'), end=Timestamp('2024-06-09 19:00:00'))",Brooklyn,13
"Row(start=Timestamp('2024-06-09 18:00:00'), end=Timestamp('2024-06-09 19:00:00'))",Queens,5
"Row(start=Timestamp('2024-06-09 18:00:00'), end=Timestamp('2024-06-09 19:00:00'))",Bronx,2
"Row(start=Timestamp('2024-06-09 18:00:00'), end=Timestamp('2024-06-09 19:00:00'))",Queens,12
"Row(start=Timestamp('2024-06-09 18:00:00'), end=Timestamp('2024-06-09 19:00:00'))",Manhattan,378
"Row(start=Timestamp('2024-06-09 18:00:00'), end=Timestamp('2024-06-09 19:00:00'))",Brooklyn,10
"Row(start=Timestamp('2024-06-09 18:00:00'), end=Timestamp('2024-06-09 19:00:00'))",Manhattan,413
"Row(start=Timestamp('2024-06-09 18:00:00'), end=Timestamp('2024-06-09 19:00:00'))",Brooklyn,5
"Row(start=Timestamp('2024-06-09 18:00:00'), end=Timestamp('2024-06-09 19:00:00'))",Queens,7
"Row(start=Timestamp('2024-06-09 18:00:00'), end=Timestamp('2024-06-09 19:00:00'))",Queens,10
"Row(start=Timestamp('2024-06-09 18:00:00'), end=Timestamp('2024-06-09 19:00:00'))",Manhattan,380
"Row(start=Timestamp('2024-06-09 18:00:00'), end=Timestamp('2024-06-09 19:00:00'))",Brooklyn,9
"Row(start=Timestamp('2024-06-09 18:00:00'), end=Timestamp('2024-06-09 19:00:00'))",Queens,19
"Row(start=Timestamp('2024-06-09 18:00:00'), end=Timestamp('2024-06-09 19:00:00'))",Manhattan,385
"Row(start=Timestamp('2024-06-09 18:00:00'), end=Timestamp('2024-06-09 19:00:00'))",Brooklyn,5
"Row(start=Timestamp('2024-06-09 18:00:00'), end=Timestamp('2024-06-09 19:00:00'))",Manhattan,375
"Row(start=Timestamp('2024-06-09 18:00:00'), end=Timestamp('2024-06-09 19:00:00'))",Brooklyn,7
"Row(start=Timestamp('2024-06-09 18:00:00'), end=Timestamp('2024-06-09 19:00:00'))",Queens,8
"Row(start=Timestamp('2024-06-09 18:00:00'), end=Timestamp('2024-06-09 19:00:00'))",Bronx,1
"Row(start=Timestamp('2024-06-09 18:00:00'), end=Timestamp('2024-06-09 19:00:00'))",Queens,13
"Row(start=Timestamp('2024-06-09 18:00:00'), end=Timestamp('2024-06-09 19:00:00'))",Manhattan,386
"Row(start=Timestamp('2024-06-09 18:00:00'), end=Timestamp('2024-06-09 19:00:00'))",Brooklyn,4
"Row(start=Timestamp('2024-06-09 18:00:00'), end=Timestamp('2024-06-09 19:00:00'))",Queens,10
"Row(start=Timestamp('2024-06-09 18:00:00'), end=Timestamp('2024-06-09 19:00:00'))",Manhattan,378
"Row(start=Timestamp('2024-06-09 18:00:00'), end=Timestamp('2024-06-09 19:00:00'))",Brooklyn,13
"Row(start=Timestamp('2024-06-09 18:00:00'), end=Timestamp('2024-06-09 19:00:00'))",Queens,16
"Row(start=Timestamp('2024-06-09 18:00:00'), end=Timestamp('2024-06-09 19:00:00'))",Manhattan,357
"Row(start=Timestamp('2024-06-09 18:00:00'), end=Timestamp('2024-06-09 19:00:00'))",Brooklyn,13
"Row(start=Timestamp('2024-06-09 18:00:00'), end=Timestamp('2024-06-09 19:00:00'))",Manhattan,322
"Row(start=Timestamp('2024-06-09 18:00:00'), end=Timestamp('2024-06-09 19:00:00'))",Brooklyn,17
"Row(start=Timestamp('2024-06-09 18:00:00'), end=Timestamp('2024-06-09 19:00:00'))",Queens,14
"Row(start=Timestamp('2024-06-09 18:00:00'), end=Timestamp('2024-06-09 19:00:00'))",Queens,12
"Row(start=Timestamp('2024-06-09 18:00:00'), end=Timestamp('2024-06-09 19:00:00'))",Manhattan,369
"Row(start=Timestamp('2024-06-09 18:00:00'), end=Timestamp('2024-06-09 19:00:00'))",Brooklyn,12
"Row(start=Timestamp('2024-06-09 18:00:00'), end=Timestamp('2024-06-09 19:00:00'))",Queens,17
"Row(start=Timestamp('2024-06-09 18:00:00'), end=Timestamp('2024-06-09 19:00:00'))",Manhattan,349
"Row(start=Timestamp('2024-06-09 18:00:00'), end=Timestamp('2024-06-09 19:00:00'))",Brooklyn,11
"Row(start=Timestamp('2024-06-09 18:00:00'), end=Timestamp('2024-06-09 19:00:00'))",Bronx,1
"Row(start=Timestamp('2024-06-09 18:00:00'), end=Timestamp('2024-06-09 19:00:00'))",Queens,10
"Row(start=Timestamp('2024-06-09 18:00:00'), end=Timestamp('2024-06-09 19:00:00'))",Manhattan,359
"Row(start=Timestamp('2024-06-09 18:00:00'), end=Timestamp('2024-06-09 19:00:00'))",Brooklyn,10
"Row(start=Timestamp('2024-06-09 18:00:00'), end=Timestamp('2024-06-09 19:00:00'))",Bronx,2
"Row(start=Timestamp('2024-06-09 18:00:00'), end=Timestamp('2024-06-09 19:00:00'))",Queens,7
"Row(start=Timestamp('2024-06-09 18:00:00'), end=Timestamp('2024-06-09 19:00:00'))",Manhattan,356
"Row(start=Timestamp('2024-06-09 18:00:00'), end=Timestamp('2024-06-09 19:00:00'))",Brooklyn,16
"Row(start=Timestamp('2024-06-09 18:00:00'), end=Timestamp('2024-06-09 19:00:00'))",Manhattan,387
"Row(start=Timestamp('2024-06-09 18:00:00'), end=Timestamp('2024-06-09 19:00:00'))",Brooklyn,12
"Row(start=Timestamp('2024-06-09 18:00:00'), end=Timestamp('2024-06-09 19:00:00'))",Queens,8
"Row(start=Timestamp('2024-06-09 18:00:00'), end=Timestamp('2024-06-09 19:00:00'))",Bronx,1
"Row(start=Timestamp('2024-06-09 18:00:00'), end=Timestamp('2024-06-09 19:00:00'))",Queens,7
"Row(start=Timestamp('2024-06-09 18:00:00'), end=Timestamp('2024-06-09 19:00:00'))",Manhattan,389
"Row(start=Timestamp('2024-06-09 18:00:00'), end=Timestamp('2024-06-09 19:00:00'))",Brooklyn,10
"Row(start=Timestamp('2024-06-09 18:00:00'), end=Timestamp('2024-06-09 19:00:00'))",Bronx,1
"Row(start=Timestamp('2024-06-09 18:00:00'), end=Timestamp('2024-06-09 19:00:00'))",Manhattan,386
"Row(start=Timestamp('2024-06-09 18:00:00'), end=Timestamp('2024-06-09 19:00:00'))",Queens,9
"Row(start=Timestamp('2024-06-09 18:00:00'), end=Timestamp('2024-06-09 19:00:00'))",Brooklyn,11
"Row(start=Timestamp('2024-06-09 18:00:00'), end=Timestamp('2024-06-09 19:00:00'))",Queens,11
"Row(start=Timestamp('2024-06-09 18:00:00'), end=Timestamp('2024-06-09 19:00:00'))",Manhattan,391
"Row(start=Timestamp('2024-06-09 18:00:00'), end=Timestamp('2024-06-09 19:00:00'))",Brooklyn,9
"Row(start=Timestamp('2024-06-09 18:00:00'), end=Timestamp('2024-06-09 19:00:00'))",Manhattan,408
"Row(start=Timestamp('2024-06-09 18:00:00'), end=Timestamp('2024-06-09 19:00:00'))",Brooklyn,10
"Row(start=Timestamp('2024-06-09 18:00:00'), end=Timestamp('2024-06-09 19:00:00'))",Queens,4
"Row(start=Timestamp('2024-06-09 18:00:00'), end=Timestamp('2024-06-09 19:00:00'))",Queens,5
"Row(start=Timestamp('2024-06-09 18:00:00'), end=Timestamp('2024-06-09 19:00:00'))",Manhattan,398
"Row(start=Timestamp('2024-06-09 18:00:00'), end=Timestamp('2024-06-09 19:00:00'))",Brooklyn,6
"Row(start=Timestamp('2024-06-09 18:00:00'), end=Timestamp('2024-06-09 19:00:00'))",Manhattan,391
"Row(start=Timestamp('2024-06-09 18:00:00'), end=Timestamp('2024-06-09 19:00:00'))",Brooklyn,9
"Row(start=Timestamp('2024-06-09 18:00:00'), end=Timestamp('2024-06-09 19:00:00'))",Queens,6
"Row(start=Timestamp('2024-06-09 18:00:00'), end=Timestamp('2024-06-09 19:00:00'))",Bronx,1
"Row(start=Timestamp('2024-06-09 18:00:00'), end=Timestamp('2024-06-09 19:00:00'))",Manhattan,381
"Row(start=Timestamp('2024-06-09 18:00:00'), end=Timestamp('2024-06-09 19:00:00'))",Brooklyn,17
"Row(start=Timestamp('2024-06-09 18:00:00'), end=Timestamp('2024-06-09 19:00:00'))",Queens,5
"Row(start=Timestamp('2024-06-09 18:00:00'), end=Timestamp('2024-06-09 19:00:00'))",Queens,10
"Row(start=Timestamp('2024-06-09 18:00:00'), end=Timestamp('2024-06-09 19:00:00'))",Manhattan,392
"Row(start=Timestamp('2024-06-09 18:00:00'), end=Timestamp('2024-06-09 19:00:00'))",Brooklyn,13
"Row(start=Timestamp('2024-06-09 18:00:00'), end=Timestamp('2024-06-09 19:00:00'))",Queens,11
"Row(start=Timestamp('2024-06-09 18:00:00'), end=Timestamp('2024-06-09 19:00:00'))",Manhattan,397
"Row(start=Timestamp('2024-06-09 18:00:00'), end=Timestamp('2024-06-09 19:00:00'))",Brooklyn,12
"Row(start=Timestamp('2024-06-09 18:00:00'), end=Timestamp('2024-06-09 19:00:00'))",Queens,9
"Row(start=Timestamp('2024-06-09 18:00:00'), end=Timestamp('2024-06-09 19:00:00'))",Manhattan,388
"Row(start=Timestamp('2024-06-09 18:00:00'), end=Timestamp('2024-06-09 19:00:00'))",Brooklyn,13
"Row(start=Timestamp('2024-06-09 18:00:00'), end=Timestamp('2024-06-09 19:00:00'))",Bronx,1
"Row(start=Timestamp('2024-06-09 18:00:00'), end=Timestamp('2024-06-09 19:00:00'))",Queens,7
"Row(start=Timestamp('2024-06-09 18:00:00'), end=Timestamp('2024-06-09 19:00:00'))",Manhattan,400
"Row(start=Timestamp('2024-06-09 18:00:00'), end=Timestamp('2024-06-09 19:00:00'))",Brooklyn,12
"Row(start=Timestamp('2024-06-09 18:00:00'), end=Timestamp('2024-06-09 19:00:00'))",Queens,9
"Row(start=Timestamp('2024-06-09 18:00:00'), end=Timestamp('2024-06-09 19:00:00'))",Manhattan,380
"Row(start=Timestamp('2024-06-09 18:00:00'), end=Timestamp('2024-06-09 19:00:00'))",Bronx,1
"Row(start=Timestamp('2024-06-09 18:00:00'), end=Timestamp('2024-06-09 19:00:00'))",Brooklyn,3
"Row(start=Timestamp('2024-06-09 18:00:00'), end=Timestamp('2024-06-09 19:00:00'))",Manhattan,412
"Row(start=Timestamp('2024-06-09 18:00:00'), end=Timestamp('2024-06-09 19:00:00'))",Brooklyn,6
"Row(start=Timestamp('2024-06-09 18:00:00'), end=Timestamp('2024-06-09 19:00:00'))",Queens,8
"Row(start=Timestamp('2024-06-09 18:00:00'), end=Timestamp('2024-06-09 19:00:00'))",Manhattan,408
"Row(start=Timestamp('2024-06-09 18:00:00'), end=Timestamp('2024-06-09 19:00:00'))",Queens,7
"Row(start=Timestamp('2024-06-09 18:00:00'), end=Timestamp('2024-06-09 19:00:00'))",Brooklyn,5
"Row(start=Timestamp('2024-06-09 18:00:00'), end=Timestamp('2024-06-09 19:00:00'))",Queens,10
"Row(start=Timestamp('2024-06-09 18:00:00'), end=Timestamp('2024-06-09 19:00:00'))",Manhattan,404
"Row(start=Timestamp('2024-06-09 18:00:00'), end=Timestamp('2024-06-09 19:00:00'))",Brooklyn,6
"Row(start=Timestamp('2024-06-09 18:00:00'), end=Timestamp('2024-06-09 19:00:00'))",Manhattan,387
"Row(start=Timestamp('2024-06-09 18:00:00'), end=Timestamp('2024-06-09 19:00:00'))",Brooklyn,10
"Row(start=Timestamp('2024-06-09 18:00:00'), end=Timestamp('2024-06-09 19:00:00'))",Queens,6
"Row(start=Timestamp('2024-06-09 18:00:00'), end=Timestamp('2024-06-09 19:00:00'))",Queens,6
"Row(start=Timestamp('2024-06-09 18:00:00'), end=Timestamp('2024-06-09 19:00:00'))",Manhattan,426
"Row(start=Timestamp('2024-06-09 18:00:00'), end=Timestamp('2024-06-09 19:00:00'))",Bronx,1
"Row(start=Timestamp('2024-06-09 18:00:00'), end=Timestamp('2024-06-09 19:00:00'))",Brooklyn,3
"Row(start=Timestamp('2024-06-09 18:00:00'), end=Timestamp('2024-06-09 19:00:00'))",Manhattan,435
"Row(start=Timestamp('2024-06-09 18:00:00'), end=Timestamp('2024-06-09 19:00:00'))",Brooklyn,7
"Row(start=Timestamp('2024-06-09 18:00:00'), end=Timestamp('2024-06-09 19:00:00'))",Queens,3
"Row(start=Timestamp('2024-06-09 18:00:00'), end=Timestamp('2024-06-09 19:00:00'))",Queens,8
"Row(start=Timestamp('2024-06-09 18:00:00'), end=Timestamp('2024-06-09 19:00:00'))",Manhattan,417
"Row(start=Timestamp('2024-06-09 18:00:00'), end=Timestamp('2024-06-09 19:00:00'))",Brooklyn,14
"Row(start=Timestamp('2024-06-09 18:00:00'), end=Timestamp('2024-06-09 19:00:00'))",Manhattan,429
"Row(start=Timestamp('2024-06-09 18:00:00'), end=Timestamp('2024-06-09 19:00:00'))",Brooklyn,8
"Row(start=Timestamp('2024-06-09 18:00:00'), end=Timestamp('2024-06-09 19:00:00'))",Queens,5
"Row(start=Timestamp('2024-06-09 18:00:00'), end=Timestamp('2024-06-09 19:00:00'))",Bronx,1
"Row(start=Timestamp('2024-06-09 18:00:00'), end=Timestamp('2024-06-09 19:00:00'))",Manhattan,429
"Row(start=Timestamp('2024-06-09 18:00:00'), end=Timestamp('2024-06-09 19:00:00'))",Brooklyn,3
"Row(start=Timestamp('2024-06-09 18:00:00'), end=Timestamp('2024-06-09 19:00:00'))",Queens,5
"Row(start=Timestamp('2024-06-09 18:00:00'), end=Timestamp('2024-06-09 19:00:00'))",Manhattan,418
"Row(start=Timestamp('2024-06-09 18:00:00'), end=Timestamp('2024-06-09 19:00:00'))",Queens,5
"Row(start=Timestamp('2024-06-09 18:00:00'), end=Timestamp('2024-06-09 19:00:00'))",Brooklyn,8
"Row(start=Timestamp('2024-06-09 18:00:00'), end=Timestamp('2024-06-09 19:00:00'))",Manhattan,397
"Row(start=Timestamp('2024-06-09 18:00:00'), end=Timestamp('2024-06-09 19:00:00'))",Brooklyn,7
"Row(start=Timestamp('2024-06-09 18:00:00'), end=Timestamp('2024-06-09 19:00:00'))",Queens,8
"Row(start=Timestamp('2024-06-09 18:00:00'), end=Timestamp('2024-06-09 19:00:00'))",Queens,15
"Row(start=Timestamp('2024-06-09 18:00:00'), end=Timestamp('2024-06-09 19:00:00'))",Manhattan,401
"Row(start=Timestamp('2024-06-09 18:00:00'), end=Timestamp('2024-06-09 19:00:00'))",Brooklyn,6
"Row(start=Timestamp('2024-06-09 18:00:00'), end=Timestamp('2024-06-09 19:00:00'))",Staten Island,1
"Row(start=Timestamp('2024-06-09 18:00:00'), end=Timestamp('2024-06-09 19:00:00'))",Manhattan,423
"Row(start=Timestamp('2024-06-09 18:00:00'), end=Timestamp('2024-06-09 19:00:00'))",Brooklyn,6
"Row(start=Timestamp('2024-06-09 18:00:00'), end=Timestamp('2024-06-09 19:00:00'))",Queens,2
"Row(start=Timestamp('2024-06-09 18:00:00'), end=Timestamp('2024-06-09 19:00:00'))",Queens,8
"Row(start=Timestamp('2024-06-09 18:00:00'), end=Timestamp('2024-06-09 19:00:00'))",Manhattan,413
"Row(start=Timestamp('2024-06-09 18:00:00'), end=Timestamp('2024-06-09 19:00:00'))",Brooklyn,4
"Row(start=Timestamp('2024-06-09 18:00:00'), end=Timestamp('2024-06-09 19:00:00'))",Queens,10
"Row(start=Timestamp('2024-06-09 18:00:00'), end=Timestamp('2024-06-09 19:00:00'))",Manhattan,442
"Row(start=Timestamp('2024-06-09 18:00:00'), end=Timestamp('2024-06-09 19:00:00'))",Brooklyn,4
"Row(start=Timestamp('2024-06-09 18:00:00'), end=Timestamp('2024-06-09 19:00:00'))",Manhattan,421
"Row(start=Timestamp('2024-06-09 18:00:00'), end=Timestamp('2024-06-09 19:00:00'))",Brooklyn,2
"Row(start=Timestamp('2024-06-09 18:00:00'), end=Timestamp('2024-06-09 19:00:00'))",Queens,8
"Row(start=Timestamp('2024-06-09 18:00:00'), end=Timestamp('2024-06-09 19:00:00'))",Queens,7
"Row(start=Timestamp('2024-06-09 18:00:00'), end=Timestamp('2024-06-09 19:00:00'))",Manhattan,423
"Row(start=Timestamp('2024-06-09 18:00:00'), end=Timestamp('2024-06-09 19:00:00'))",Brooklyn,5
"Row(start=Timestamp('2024-06-09 18:00:00'), end=Timestamp('2024-06-09 19:00:00'))",Queens,8
"Row(start=Timestamp('2024-06-09 18:00:00'), end=Timestamp('2024-06-09 19:00:00'))",Manhattan,449
"Row(start=Timestamp('2024-06-09 18:00:00'), end=Timestamp('2024-06-09 19:00:00'))",Brooklyn,3
"Row(start=Timestamp('2024-06-09 18:00:00'), end=Timestamp('2024-06-09 19:00:00'))",Bronx,2
"Row(start=Timestamp('2024-06-09 18:00:00'), end=Timestamp('2024-06-09 19:00:00'))",Manhattan,432
"Row(start=Timestamp('2024-06-09 18:00:00'), end=Timestamp('2024-06-09 19:00:00'))",Queens,10
"Row(start=Timestamp('2024-06-09 18:00:00'), end=Timestamp('2024-06-09 19:00:00'))",Brooklyn,3
"Row(start=Timestamp('2024-06-09 18:00:00'), end=Timestamp('2024-06-09 19:00:00'))",Manhattan,418
"Row(start=Timestamp('2024-06-09 18:00:00'), end=Timestamp('2024-06-09 19:00:00'))",Queens,8
"Row(start=Timestamp('2024-06-09 18:00:00'), end=Timestamp('2024-06-09 19:00:00'))",Brooklyn,4
"Row(start=Timestamp('2024-06-09 18:00:00'), end=Timestamp('2024-06-09 19:00:00'))",Bronx,1
"Row(start=Timestamp('2024-06-09 18:00:00'), end=Timestamp('2024-06-09 19:00:00'))",Manhattan,425
"Row(start=Timestamp('2024-06-09 18:00:00'), end=Timestamp('2024-06-09 19:00:00'))",Brooklyn,7
"Row(start=Timestamp('2024-06-09 18:00:00'), end=Timestamp('2024-06-09 19:00:00'))",Queens,1
"Row(start=Timestamp('2024-06-09 18:00:00'), end=Timestamp('2024-06-09 19:00:00'))",Bronx,1
"Row(start=Timestamp('2024-06-09 18:00:00'), end=Timestamp('2024-06-09 19:00:00'))",Manhattan,399
"Row(start=Timestamp('2024-06-09 18:00:00'), end=Timestamp('2024-06-09 19:00:00'))",Brooklyn,8
"Row(start=Timestamp('2024-06-09 18:00:00'), end=Timestamp('2024-06-09 19:00:00'))",Queens,8
"Row(start=Timestamp('2024-06-09 18:00:00'), end=Timestamp('2024-06-09 19:00:00'))",Queens,11
"Row(start=Timestamp('2024-06-09 18:00:00'), end=Timestamp('2024-06-09 19:00:00'))",Manhattan,417
"Row(start=Timestamp('2024-06-09 18:00:00'), end=Timestamp('2024-06-09 19:00:00'))",Brooklyn,9
"Row(start=Timestamp('2024-06-09 18:00:00'), end=Timestamp('2024-06-09 19:00:00'))",Queens,6
"Row(start=Timestamp('2024-06-09 18:00:00'), end=Timestamp('2024-06-09 19:00:00'))",Manhattan,415
"Row(start=Timestamp('2024-06-09 18:00:00'), end=Timestamp('2024-06-09 19:00:00'))",Brooklyn,6
"Row(start=Timestamp('2024-06-09 18:00:00'), end=Timestamp('2024-06-09 19:00:00'))",Manhattan,447
"Row(start=Timestamp('2024-06-09 18:00:00'), end=Timestamp('2024-06-09 19:00:00'))",Queens,4
"Row(start=Timestamp('2024-06-09 18:00:00'), end=Timestamp('2024-06-09 19:00:00'))",Brooklyn,9
"Row(start=Timestamp('2024-06-09 18:00:00'), end=Timestamp('2024-06-09 19:00:00'))",Manhattan,450
"Row(start=Timestamp('2024-06-09 18:00:00'), end=Timestamp('2024-06-09 19:00:00'))",Bronx,1
"Row(start=Timestamp('2024-06-09 18:00:00'), end=Timestamp('2024-06-09 19:00:00'))",Brooklyn,3
"Row(start=Timestamp('2024-06-09 18:00:00'), end=Timestamp('2024-06-09 19:00:00'))",Queens,4
"Row(start=Timestamp('2024-06-09 18:00:00'), end=Timestamp('2024-06-09 19:00:00'))",Manhattan,436
"Row(start=Timestamp('2024-06-09 18:00:00'), end=Timestamp('2024-06-09 19:00:00'))",Brooklyn,5
"Row(start=Timestamp('2024-06-09 18:00:00'), end=Timestamp('2024-06-09 19:00:00'))",Queens,2
"Row(start=Timestamp('2024-06-09 18:00:00'), end=Timestamp('2024-06-09 19:00:00'))",Queens,5
"Row(start=Timestamp('2024-06-09 18:00:00'), end=Timestamp('2024-06-09 19:00:00'))",Manhattan,441
"Row(start=Timestamp('2024-06-09 18:00:00'), end=Timestamp('2024-06-09 19:00:00'))",Brooklyn,8
"Row(start=Timestamp('2024-06-09 18:00:00'), end=Timestamp('2024-06-09 19:00:00'))",Queens,5
"Row(start=Timestamp('2024-06-09 18:00:00'), end=Timestamp('2024-06-09 19:00:00'))",Manhattan,424
"Row(start=Timestamp('2024-06-09 18:00:00'), end=Timestamp('2024-06-09 19:00:00'))",Brooklyn,2
"Row(start=Timestamp('2024-06-09 18:00:00'), end=Timestamp('2024-06-09 19:00:00'))",Manhattan,427
"Row(start=Timestamp('2024-06-09 18:00:00'), end=Timestamp('2024-06-09 19:00:00'))",Queens,4
"Row(start=Timestamp('2024-06-09 18:00:00'), end=Timestamp('2024-06-09 19:00:00'))",Brooklyn,6
"Row(start=Timestamp('2024-06-09 18:00:00'), end=Timestamp('2024-06-09 19:00:00'))",Queens,6
"Row(start=Timestamp('2024-06-09 18:00:00'), end=Timestamp('2024-06-09 19:00:00'))",Manhattan,432
"Row(start=Timestamp('2024-06-09 18:00:00'), end=Timestamp('2024-06-09 19:00:00'))",Brooklyn,3
"Row(start=Timestamp('2024-06-09 18:00:00'), end=Timestamp('2024-06-09 19:00:00'))",Queens,6
"Row(start=Timestamp('2024-06-09 18:00:00'), end=Timestamp('2024-06-09 19:00:00'))",Manhattan,390
"Row(start=Timestamp('2024-06-09 18:00:00'), end=Timestamp('2024-06-09 19:00:00'))",Brooklyn,13
"Row(start=Timestamp('2024-06-09 18:00:00'), end=Timestamp('2024-06-09 19:00:00'))",Bronx,1
"Row(start=Timestamp('2024-06-09 18:00:00'), end=Timestamp('2024-06-09 19:00:00'))",Manhattan,416
"Row(start=Timestamp('2024-06-09 18:00:00'), end=Timestamp('2024-06-09 19:00:00'))",Queens,9
"Row(start=Timestamp('2024-06-09 18:00:00'), end=Timestamp('2024-06-09 19:00:00'))",Brooklyn,4
"Row(start=Timestamp('2024-06-09 18:00:00'), end=Timestamp('2024-06-09 19:00:00'))",Queens,12
"Row(start=Timestamp('2024-06-09 18:00:00'), end=Timestamp('2024-06-09 19:00:00'))",Manhattan,412
"Row(start=Timestamp('2024-06-09 18:00:00'), end=Timestamp('2024-06-09 19:00:00'))",Brooklyn,6
"Row(start=Timestamp('2024-06-09 18:00:00'), end=Timestamp('2024-06-09 19:00:00'))",Queens,6
"Row(start=Timestamp('2024-06-09 18:00:00'), end=Timestamp('2024-06-09 19:00:00'))",Manhattan,417
"Row(start=Timestamp('2024-06-09 18:00:00'), end=Timestamp('2024-06-09 19:00:00'))",Brooklyn,5
"Row(start=Timestamp('2024-06-09 18:00:00'), end=Timestamp('2024-06-09 19:00:00'))",Queens,6
"Row(start=Timestamp('2024-06-09 18:00:00'), end=Timestamp('2024-06-09 19:00:00'))",Manhattan,435
"Row(start=Timestamp('2024-06-09 18:00:00'), end=Timestamp('2024-06-09 19:00:00'))",Brooklyn,6
"Row(start=Timestamp('2024-06-09 18:00:00'), end=Timestamp('2024-06-09 19:00:00'))",Bronx,1
"Row(start=Timestamp('2024-06-09 18:00:00'), end=Timestamp('2024-06-09 19:00:00'))",Queens,6
"Row(start=Timestamp('2024-06-09 18:00:00'), end=Timestamp('2024-06-09 19:00:00'))",Manhattan,427
"Row(start=Timestamp('2024-06-09 18:00:00'), end=Timestamp('2024-06-09 19:00:00'))",Brooklyn,4
"Row(start=Timestamp('2024-06-09 18:00:00'), end=Timestamp('2024-06-09 19:00:00'))",Manhattan,444
"Row(start=Timestamp('2024-06-09 18:00:00'), end=Timestamp('2024-06-09 19:00:00'))",Queens,5
"Row(start=Timestamp('2024-06-09 18:00:00'), end=Timestamp('2024-06-09 19:00:00'))",Brooklyn,4
"Row(start=Timestamp('2024-06-09 18:00:00'), end=Timestamp('2024-06-09 19:00:00'))",Queens,10
"Row(start=Timestamp('2024-06-09 18:00:00'), end=Timestamp('2024-06-09 19:00:00'))",Manhattan,443
"Row(start=Timestamp('2024-06-09 18:00:00'), end=Timestamp('2024-06-09 19:00:00'))",Brooklyn,3
"Row(start=Timestamp('2024-06-09 18:00:00'), end=Timestamp('2024-06-09 19:00:00'))",Manhattan,431
"Row(start=Timestamp('2024-06-09 18:00:00'), end=Timestamp('2024-06-09 19:00:00'))",Queens,8
"Row(start=Timestamp('2024-06-09 18:00:00'), end=Timestamp('2024-06-09 19:00:00'))",Brooklyn,1
"Row(start=Timestamp('2024-06-09 18:00:00'), end=Timestamp('2024-06-09 19:00:00'))",Manhattan,441
"Row(start=Timestamp('2024-06-09 18:00:00'), end=Timestamp('2024-06-09 19:00:00'))",Brooklyn,5
"Row(start=Timestamp('2024-06-09 18:00:00'), end=Timestamp('2024-06-09 19:00:00'))",Queens,5
"Row(start=Timestamp('2024-06-09 18:00:00'), end=Timestamp('2024-06-09 19:00:00'))",Queens,9
"Row(start=Timestamp('2024-06-09 18:00:00'), end=Timestamp('2024-06-09 19:00:00'))",Manhattan,440
"Row(start=Timestamp('2024-06-09 18:00:00'), end=Timestamp('2024-06-09 19:00:00'))",Brooklyn,3
"Row(start=Timestamp('2024-06-09 18:00:00'), end=Timestamp('2024-06-09 19:00:00'))",Manhattan,437
"Row(start=Timestamp('2024-06-09 18:00:00'), end=Timestamp('2024-06-09 19:00:00'))",Queens,5
"Row(start=Timestamp('2024-06-09 18:00:00'), end=Timestamp('2024-06-09 19:00:00'))",Brooklyn,3
"Row(start=Timestamp('2024-06-09 18:00:00'), end=Timestamp('2024-06-09 19:00:00'))",Manhattan,429
"Row(start=Timestamp('2024-06-09 18:00:00'), end=Timestamp('2024-06-09 19:00:00'))",Brooklyn,6
"Row(start=Timestamp('2024-06-09 18:00:00'), end=Timestamp('2024-06-09 19:00:00'))",Queens,7
"Row(start=Timestamp('2024-06-09 18:00:00'), end=Timestamp('2024-06-09 19:00:00'))",Queens,10
"Row(start=Timestamp('2024-06-09 18:00:00'), end=Timestamp('2024-06-09 19:00:00'))",Manhattan,418
"Row(start=Timestamp('2024-06-09 18:00:00'), end=Timestamp('2024-06-09 19:00:00'))",Brooklyn,6
"Row(start=Timestamp('2024-06-09 18:00:00'), end=Timestamp('2024-06-09 19:00:00'))",Manhattan,417
"Row(start=Timestamp('2024-06-09 18:00:00'), end=Timestamp('2024-06-09 19:00:00'))",Brooklyn,5
"Row(start=Timestamp('2024-06-09 18:00:00'), end=Timestamp('2024-06-09 19:00:00'))",Queens,5
"Row(start=Timestamp('2024-06-09 18:00:00'), end=Timestamp('2024-06-09 19:00:00'))",Queens,5
"Row(start=Timestamp('2024-06-09 18:00:00'), end=Timestamp('2024-06-09 19:00:00'))",Manhattan,420
"Row(start=Timestamp('2024-06-09 18:00:00'), end=Timestamp('2024-06-09 19:00:00'))",Brooklyn,1
"Row(start=Timestamp('2024-06-09 18:00:00'), end=Timestamp('2024-06-09 19:00:00'))",Manhattan,435
"Row(start=Timestamp('2024-06-09 18:00:00'), end=Timestamp('2024-06-09 19:00:00'))",Brooklyn,6
"Row(start=Timestamp('2024-06-09 18:00:00'), end=Timestamp('2024-06-09 19:00:00'))",Queens,3
"Row(start=Timestamp('2024-06-09 18:00:00'), end=Timestamp('2024-06-09 19:00:00'))",Bronx,1
"Row(start=Timestamp('2024-06-09 18:00:00'), end=Timestamp('2024-06-09 19:00:00'))",Manhattan,428
"Row(start=Timestamp('2024-06-09 18:00:00'), end=Timestamp('2024-06-09 19:00:00'))",Brooklyn,4
"Row(start=Timestamp('2024-06-09 18:00:00'), end=Timestamp('2024-06-09 19:00:00'))",Queens,4
"Row(start=Timestamp('2024-06-09 18:00:00'), end=Timestamp('2024-06-09 19:00:00'))",Queens,5
"Row(start=Timestamp('2024-06-09 18:00:00'), end=Timestamp('2024-06-09 19:00:00'))",Manhattan,430
"Row(start=Timestamp('2024-06-09 18:00:00'), end=Timestamp('2024-06-09 19:00:00'))",Brooklyn,1
"Row(start=Timestamp('2024-06-09 18:00:00'), end=Timestamp('2024-06-09 19:00:00'))",Manhattan,447
"Row(start=Timestamp('2024-06-09 18:00:00'), end=Timestamp('2024-06-09 19:00:00'))",Queens,5
"Row(start=Timestamp('2024-06-09 18:00:00'), end=Timestamp('2024-06-09 19:00:00'))",Brooklyn,2
"Row(start=Timestamp('2024-06-09 18:00:00'), end=Timestamp('2024-06-09 19:00:00'))",Queens,3
"Row(start=Timestamp('2024-06-09 18:00:00'), end=Timestamp('2024-06-09 19:00:00'))",Manhattan,434
"Row(start=Timestamp('2024-06-09 18:00:00'), end=Timestamp('2024-06-09 19:00:00'))",Brooklyn,6
"Row(start=Timestamp('2024-06-09 18:00:00'), end=Timestamp('2024-06-09 19:00:00'))",Manhattan,438
"Row(start=Timestamp('2024-06-09 18:00:00'), end=Timestamp('2024-06-09 19:00:00'))",Brooklyn,5
"Row(start=Timestamp('2024-06-09 18:00:00'), end=Timestamp('2024-06-09 19:00:00'))",Queens,4
"Row(start=Timestamp('2024-06-09 18:00:00'), end=Timestamp('2024-06-09 19:00:00'))",Queens,8
"Row(start=Timestamp('2024-06-09 18:00:00'), end=Timestamp('2024-06-09 19:00:00'))",Manhattan,438
"Row(start=Timestamp('2024-06-09 18:00:00'), end=Timestamp('2024-06-09 19:00:00'))",Brooklyn,2
"Row(start=Timestamp('2024-06-09 18:00:00'), end=Timestamp('2024-06-09 19:00:00'))",Manhattan,427
"Row(start=Timestamp('2024-06-09 18:00:00'), end=Timestamp('2024-06-09 19:00:00'))",Queens,6
"Row(start=Timestamp('2024-06-09 18:00:00'), end=Timestamp('2024-06-09 19:00:00'))",Brooklyn,2
"Row(start=Timestamp('2024-06-09 18:00:00'), end=Timestamp('2024-06-09 19:00:00'))",Queens,6
"Row(start=Timestamp('2024-06-09 18:00:00'), end=Timestamp('2024-06-09 19:00:00'))",Manhattan,435
"Row(start=Timestamp('2024-06-09 18:00:00'), end=Timestamp('2024-06-09 19:00:00'))",Brooklyn,7
"Row(start=Timestamp('2024-06-09 18:00:00'), end=Timestamp('2024-06-09 19:00:00'))",Manhattan,425
"Row(start=Timestamp('2024-06-09 18:00:00'), end=Timestamp('2024-06-09 19:00:00'))",Queens,7
"Row(start=Timestamp('2024-06-09 18:00:00'), end=Timestamp('2024-06-09 19:00:00'))",Brooklyn,7
"Row(start=Timestamp('2024-06-09 18:00:00'), end=Timestamp('2024-06-09 19:00:00'))",Queens,5
"Row(start=Timestamp('2024-06-09 18:00:00'), end=Timestamp('2024-06-09 19:00:00'))",Manhattan,426
"Row(start=Timestamp('2024-06-09 18:00:00'), end=Timestamp('2024-06-09 19:00:00'))",Brooklyn,4
"Row(start=Timestamp('2024-06-09 18:00:00'), end=Timestamp('2024-06-09 19:00:00'))",Manhattan,415
"Row(start=Timestamp('2024-06-09 18:00:00'), end=Timestamp('2024-06-09 19:00:00'))",Brooklyn,6
"Row(start=Timestamp('2024-06-09 18:00:00'), end=Timestamp('2024-06-09 19:00:00'))",Queens,3
"Row(start=Timestamp('2024-06-09 18:00:00'), end=Timestamp('2024-06-09 19:00:00'))",Bronx,1
"Row(start=Timestamp('2024-06-09 18:00:00'), end=Timestamp('2024-06-09 19:00:00'))",Manhattan,425
"Row(start=Timestamp('2024-06-09 18:00:00'), end=Timestamp('2024-06-09 19:00:00'))",Queens,9
"Row(start=Timestamp('2024-06-09 18:00:00'), end=Timestamp('2024-06-09 19:00:00'))",Brooklyn,4
"Row(start=Timestamp('2024-06-09 18:00:00'), end=Timestamp('2024-06-09 19:00:00'))",Manhattan,432
"Row(start=Timestamp('2024-06-09 18:00:00'), end=Timestamp('2024-06-09 19:00:00'))",Queens,5
"Row(start=Timestamp('2024-06-09 18:00:00'), end=Timestamp('2024-06-09 19:00:00'))",Brooklyn,4
"Row(start=Timestamp('2024-06-09 18:00:00'), end=Timestamp('2024-06-09 19:00:00'))",Queens,4
"Row(start=Timestamp('2024-06-09 18:00:00'), end=Timestamp('2024-06-09 19:00:00'))",Manhattan,421
"Row(start=Timestamp('2024-06-09 18:00:00'), end=Timestamp('2024-06-09 19:00:00'))",Brooklyn,9
"Row(start=Timestamp('2024-06-09 18:00:00'), end=Timestamp('2024-06-09 19:00:00'))",Queens,9
"Row(start=Timestamp('2024-06-09 18:00:00'), end=Timestamp('2024-06-09 19:00:00'))",Manhattan,425
"Row(start=Timestamp('2024-06-09 18:00:00'), end=Timestamp('2024-06-09 19:00:00'))",Brooklyn,3
"Row(start=Timestamp('2024-06-09 18:00:00'), end=Timestamp('2024-06-09 19:00:00'))",Queens,9
"Row(start=Timestamp('2024-06-09 18:00:00'), end=Timestamp('2024-06-09 19:00:00'))",Manhattan,430
"Row(start=Timestamp('2024-06-09 18:00:00'), end=Timestamp('2024-06-09 19:00:00'))",Brooklyn,2
"Row(start=Timestamp('2024-06-09 18:00:00'), end=Timestamp('2024-06-09 19:00:00'))",Manhattan,442
"Row(start=Timestamp('2024-06-09 18:00:00'), end=Timestamp('2024-06-09 19:00:00'))",Queens,5
"Row(start=Timestamp('2024-06-09 18:00:00'), end=Timestamp('2024-06-09 19:00:00'))",Brooklyn,4
"Row(start=Timestamp('2024-06-09 18:00:00'), end=Timestamp('2024-06-09 19:00:00'))",Queens,4
"Row(start=Timestamp('2024-06-09 18:00:00'), end=Timestamp('2024-06-09 19:00:00'))",Manhattan,439
"Row(start=Timestamp('2024-06-09 18:00:00'), end=Timestamp('2024-06-09 19:00:00'))",Brooklyn,1
"Row(start=Timestamp('2024-06-09 18:00:00'), end=Timestamp('2024-06-09 19:00:00'))",Queens,7
"Row(start=Timestamp('2024-06-09 18:00:00'), end=Timestamp('2024-06-09 19:00:00'))",Manhattan,441
"Row(start=Timestamp('2024-06-09 18:00:00'), end=Timestamp('2024-06-09 19:00:00'))",Brooklyn,4
"Row(start=Timestamp('2024-06-09 18:00:00'), end=Timestamp('2024-06-09 19:00:00'))",Manhattan,433
"Row(start=Timestamp('2024-06-09 18:00:00'), end=Timestamp('2024-06-09 19:00:00'))",Queens,5
"Row(start=Timestamp('2024-06-09 18:00:00'), end=Timestamp('2024-06-09 19:00:00'))",Brooklyn,3
"Row(start=Timestamp('2024-06-09 18:00:00'), end=Timestamp('2024-06-09 19:00:00'))",Manhattan,443
"Row(start=Timestamp('2024-06-09 18:00:00'), end=Timestamp('2024-06-09 19:00:00'))",Queens,7
"Row(start=Timestamp('2024-06-09 18:00:00'), end=Timestamp('2024-06-09 19:00:00'))",Brooklyn,6
"Row(start=Timestamp('2024-06-09 18:00:00'), end=Timestamp('2024-06-09 19:00:00'))",Manhattan,425
"Row(start=Timestamp('2024-06-09 18:00:00'), end=Timestamp('2024-06-09 19:00:00'))",Queens,6
"Row(start=Timestamp('2024-06-09 18:00:00'), end=Timestamp('2024-06-09 19:00:00'))",Brooklyn,4
"Row(start=Timestamp('2024-06-09 18:00:00'), end=Timestamp('2024-06-09 19:00:00'))",Manhattan,440
"Row(start=Timestamp('2024-06-09 18:00:00'), end=Timestamp('2024-06-09 19:00:00'))",Queens,3
"Row(start=Timestamp('2024-06-09 18:00:00'), end=Timestamp('2024-06-09 19:00:00'))",Queens,7
"Row(start=Timestamp('2024-06-09 18:00:00'), end=Timestamp('2024-06-09 19:00:00'))",Manhattan,428
"Row(start=Timestamp('2024-06-09 18:00:00'), end=Timestamp('2024-06-09 19:00:00'))",Brooklyn,8
"Row(start=Timestamp('2024-06-09 18:00:00'), end=Timestamp('2024-06-09 19:00:00'))",Bronx,1
"Row(start=Timestamp('2024-06-09 18:00:00'), end=Timestamp('2024-06-09 19:00:00'))",Manhattan,431
"Row(start=Timestamp('2024-06-09 18:00:00'), end=Timestamp('2024-06-09 19:00:00'))",Brooklyn,5
"Row(start=Timestamp('2024-06-09 18:00:00'), end=Timestamp('2024-06-09 19:00:00'))",Queens,3
"Row(start=Timestamp('2024-06-09 18:00:00'), end=Timestamp('2024-06-09 19:00:00'))",Queens,9
"Row(start=Timestamp('2024-06-09 18:00:00'), end=Timestamp('2024-06-09 19:00:00'))",Manhattan,427
"Row(start=Timestamp('2024-06-09 18:00:00'), end=Timestamp('2024-06-09 19:00:00'))",Brooklyn,4
"Row(start=Timestamp('2024-06-09 18:00:00'), end=Timestamp('2024-06-09 19:00:00'))",Manhattan,426
"Row(start=Timestamp('2024-06-09 18:00:00'), end=Timestamp('2024-06-09 19:00:00'))",Brooklyn,4
"Row(start=Timestamp('2024-06-09 18:00:00'), end=Timestamp('2024-06-09 19:00:00'))",Queens,9
"Row(start=Timestamp('2024-06-09 18:00:00'), end=Timestamp('2024-06-09 19:00:00'))",Bronx,1
"Row(start=Timestamp('2024-06-09 18:00:00'), end=Timestamp('2024-06-09 19:00:00'))",Queens,6
"Row(start=Timestamp('2024-06-09 18:00:00'), end=Timestamp('2024-06-09 19:00:00'))",Manhattan,430
"Row(start=Timestamp('2024-06-09 18:00:00'), end=Timestamp('2024-06-09 19:00:00'))",Brooklyn,6
"Row(start=Timestamp('2024-06-09 18:00:00'), end=Timestamp('2024-06-09 19:00:00'))",Queens,7
"Row(start=Timestamp('2024-06-09 18:00:00'), end=Timestamp('2024-06-09 19:00:00'))",Manhattan,441
"Row(start=Timestamp('2024-06-09 18:00:00'), end=Timestamp('2024-06-09 19:00:00'))",Brooklyn,3
"Row(start=Timestamp('2024-06-09 18:00:00'), end=Timestamp('2024-06-09 19:00:00'))",Manhattan,445
"Row(start=Timestamp('2024-06-09 18:00:00'), end=Timestamp('2024-06-09 19:00:00'))",Queens,4
"Row(start=Timestamp('2024-06-09 18:00:00'), end=Timestamp('2024-06-09 19:00:00'))",Bronx,1
"Row(start=Timestamp('2024-06-09 18:00:00'), end=Timestamp('2024-06-09 19:00:00'))",Queens,10
"Row(start=Timestamp('2024-06-09 18:00:00'), end=Timestamp('2024-06-09 19:00:00'))",Manhattan,423
"Row(start=Timestamp('2024-06-09 18:00:00'), end=Timestamp('2024-06-09 19:00:00'))",Brooklyn,2
"Row(start=Timestamp('2024-06-09 18:00:00'), end=Timestamp('2024-06-09 19:00:00'))",Manhattan,435
"Row(start=Timestamp('2024-06-09 18:00:00'), end=Timestamp('2024-06-09 19:00:00'))",Queens,8
"Row(start=Timestamp('2024-06-09 18:00:00'), end=Timestamp('2024-06-09 19:00:00'))",Brooklyn,4
"Row(start=Timestamp('2024-06-09 18:00:00'), end=Timestamp('2024-06-09 19:00:00'))",Queens,5
"Row(start=Timestamp('2024-06-09 18:00:00'), end=Timestamp('2024-06-09 19:00:00'))",Manhattan,431
"Row(start=Timestamp('2024-06-09 18:00:00'), end=Timestamp('2024-06-09 19:00:00'))",Brooklyn,4
